جمع,مفرد
اداب,ادب
ادبا,ادیب
آثار,اثر
اُسرا,اسیر
اسامی,اسم
اساطیر,اسطوره
امرا,امیر
اوامر,امر
ائمه,امام
اصول,اصل
آفاق,افق
ابیات,بیت
تجار,تاجر
تصاویر,تصویر
اجداد,جد
جوانب,جانب
جزایر,جزیره
جبال,جبل
جرایم,جریمه
حوادث,حادثه
احشام,حشم
حکما,حکیم
احکام,حکم
حکام,حاکم
حواشی,حاشیه
حواس,حس
حقوق,حق
حروف,حرف
اطراف,طرف
اعماق,عمق
علما,عالم
علوم,علم
علائم,علامت
علل,علت
عقاید,عقید
اعمال,عمل
اعیاد,عید
عناصر,عنصر
عواطف,عاطفه
اعضا,عضو
عبارات,عبارت
عجایب,عجیب
فقها,فقیه
فنون,فن
افکار,فکر
فرایض,فرضیه
افعال,فعل
قواعد,قاعده
قرون,قرن
قوانین,قانون
قلل,قله
اقطار,قطر
کتب,کتاب
امثال,مثل
معادن,معدن
حقایق,حقیقت
خزائن,خزینه
اخبار,خبر
ادوار,دوره
ادیان,دین
دفاتر,دفتر
ذخایر,ذخیره
رفقا,رفیق
آرا,رای
رسوم,رسم
روابط,رابطه
رموز,رمز
رجال,رُجل
ارقام,رقم
زوایا,زاویه
زعما,زعیم
سوانح,سانحه
سلاطین,سلطان
اشعار,شعر
شعرا,شاعر
مشاغل,شغل
اشباح,شبح
اشکال,شکل
شروط,شرط
شواهد,شاهد
صنایع,صنعت
صُوَر,صورت
اصوات,صوت
اضلاع,ضلع
اصفال,طفل
اطبا,طبیب
امواج,موج
مراکز,مرکز
مواقع,موقع
مصارف,مصرف
معارف,معرفت
مباحث,مبحث
مواد,ماده
مذاهب,مذهب
معابد,معبد
مساجد,مسجد
معابر,معبر
مظاهر,مظهر
مناظر,منظره
امراض,مرض
موارد,مورد
مراحل,مرحله
مفاهیم,مفهوم
منابع,منبع
اماکن,مکان
مسائل,مسئله
مراتع,مرتع
محافل,محفل
منازل,منزل
مناطق,منطقه
مجالس,مجلس
وسایل,وسیله
وکلا,وکیل
وزرا,وزیر
اولیا,ولی
اوصیا,وصی
فقرا,فقیر
مصائب,مصیبت